#;Nome;Tipo 1;Tipo 2;Total;Ataque;Defesa;Atq Esp;Def Esp;Velocidade;Geracao;Lendario
1;Bulbasaur;Planta;Venenoso;318;49;49;65;65;45;1;False
2;Ivysaur;Planta;Venenoso;405;62;63;80;80;60;1;False
3;Venusaur;Planta;Venenoso;525;82;83;100;100;80;1;False
3;VenusaurMega Venusaur;Planta;Venenoso;625;100;123;122;120;80;1;False
4;Charmander;Fogo;;309;52;43;60;50;65;1;False
5;Charmeleon;Fogo;;405;64;58;80;65;80;1;False
6;Charizard;Fogo;Voador;534;84;78;109;85;100;1;False
6;CharizardMega Charizard X;Fogo;Dragao;634;130;111;130;85;100;1;False
6;CharizardMega Charizard Y;Fogo;Voador;634;104;78;159;115;100;1;False
7;Squirtle;Agua;;314;48;65;50;64;43;1;False
8;Wartortle;Agua;;405;63;80;65;80;58;1;False
9;Blastoise;Agua;;530;83;100;85;105;78;1;False
9;BlastoiseMega Blastoise;Agua;;630;103;120;135;115;78;1;False
10;Caterpie;Inseto;;195;30;35;20;20;45;1;False
11;Metapod;Inseto;;205;20;55;25;25;30;1;False
12;Butterfree;Inseto;Voador;395;45;50;90;80;70;1;False
13;Weedle;Inseto;Venenoso;195;35;30;20;20;50;1;False
14;Kakuna;Inseto;Venenoso;205;25;50;25;25;35;1;False
15;Beedrill;Inseto;Venenoso;395;90;40;45;80;75;1;False
15;BeedrillMega Beedrill;Inseto;Venenoso;495;150;40;15;80;145;1;False
16;Pidgey;Normal;Voador;251;45;40;35;35;56;1;False
17;Pidgeotto;Normal;Voador;349;60;55;50;50;71;1;False
18;Pidgeot;Normal;Voador;479;80;75;70;70;101;1;False
18;PidgeotMega Pidgeot;Normal;Voador;579;80;80;135;80;121;1;False
19;Rattata;Normal;;253;56;35;25;35;72;1;False
20;Raticate;Normal;;413;81;60;50;70;97;1;False
21;Spearow;Normal;Voador;262;60;30;31;31;70;1;False
22;Fearow;Normal;Voador;442;90;65;61;61;100;1;False
23;Ekans;Venenoso;;288;60;44;40;54;55;1;False
24;Arbok;Venenoso;;438;85;69;65;79;80;1;False
25;Pikachu;Electric;;320;55;40;50;50;90;1;False
26;Raichu;Electric;;485;90;55;90;80;110;1;False
27;Sandshrew;Terra;;300;75;85;20;30;40;1;False
28;Sandslash;Terra;;450;100;110;45;55;65;1;False
29;Nidoran (Female);Venenoso;;275;47;52;40;40;41;1;False
30;Nidorina;Venenoso;;365;62;67;55;55;56;1;False
31;Nidoqueen;Venenoso;Terra;505;92;87;75;85;76;1;False
32;Nidoran (Male);Venenoso;;273;57;40;40;40;50;1;False
33;Nidorino;Venenoso;;365;72;57;55;55;65;1;False
34;Nidoking;Venenoso;Terra;505;102;77;85;75;85;1;False
35;CleFada;Fada;;323;45;48;60;65;35;1;False
36;Clefable;Fada;;483;70;73;95;90;60;1;False
37;Vulpix;Fogo;;299;41;40;50;65;65;1;False
38;Ninetales;Fogo;;505;76;75;81;100;100;1;False
39;Jigglypuff;Normal;Fada;270;45;20;45;25;20;1;False
40;Wigglytuff;Normal;Fada;435;70;45;85;50;45;1;False
41;Zubat;Venenoso;Voador;245;45;35;30;40;55;1;False
42;Golbat;Venenoso;Voador;455;80;70;65;75;90;1;False
43;Oddish;Planta;Venenoso;320;50;55;75;65;30;1;False
44;Gloom;Planta;Venenoso;395;65;70;85;75;40;1;False
45;Vileplume;Planta;Venenoso;490;80;85;110;90;50;1;False
46;Paras;Inseto;Planta;285;70;55;45;55;25;1;False
47;Parasect;Inseto;Planta;405;95;80;60;80;30;1;False
48;Venonat;Inseto;Venenoso;305;55;50;40;55;45;1;False
49;Venomoth;Inseto;Venenoso;450;65;60;90;75;90;1;False
50;Diglett;Terra;;265;55;25;35;45;95;1;False
51;Dugtrio;Terra;;405;80;50;50;70;120;1;False
52;Meowth;Normal;;290;45;35;40;40;90;1;False
53;Persian;Normal;;440;70;60;65;65;115;1;False
54;Psyduck;Agua;;320;52;48;65;50;55;1;False
55;Golduck;Agua;;500;82;78;95;80;85;1;False
56;Mankey;Lutador;;305;80;35;35;45;70;1;False
57;Primeape;Lutador;;455;105;60;60;70;95;1;False
58;Growlithe;Fogo;;350;70;45;70;50;60;1;False
59;Arcanine;Fogo;;555;110;80;100;80;95;1;False
60;Poliwag;Agua;;300;50;40;40;40;90;1;False
61;Poliwhirl;Agua;;385;65;65;50;50;90;1;False
62;Poliwrath;Agua;Lutador;510;95;95;70;90;70;1;False
63;Abra;Psiquico;;310;20;15;105;55;90;1;False
64;Kadabra;Psiquico;;400;35;30;120;70;105;1;False
65;Alakazam;Psiquico;;500;50;45;135;95;120;1;False
65;AlakazamMega Alakazam;Psiquico;;590;50;65;175;95;150;1;False
66;Machop;Lutador;;305;80;50;35;35;35;1;False
67;Machoke;Lutador;;405;100;70;50;60;45;1;False
68;Machamp;Lutador;;505;130;80;65;85;55;1;False
69;Bellsprout;Planta;Venenoso;300;75;35;70;30;40;1;False
70;Weepinbell;Planta;Venenoso;390;90;50;85;45;55;1;False
71;Victreebel;Planta;Venenoso;490;105;65;100;70;70;1;False
72;Tentacool;Agua;Venenoso;335;40;35;50;100;70;1;False
73;Tentacruel;Agua;Venenoso;515;70;65;80;120;100;1;False
74;Geodude;Pedra;Terra;300;80;100;30;30;20;1;False
75;Graveler;Pedra;Terra;390;95;115;45;45;35;1;False
76;Golem;Pedra;Terra;495;120;130;55;65;45;1;False
77;Ponyta;Fogo;;410;85;55;65;65;90;1;False
78;Rapidash;Fogo;;500;100;70;80;80;105;1;False
79;Slowpoke;Agua;Psiquico;315;65;65;40;40;15;1;False
80;Slowbro;Agua;Psiquico;490;75;110;100;80;30;1;False
80;SlowbroMega Slowbro;Agua;Psiquico;590;75;180;130;80;30;1;False
81;Magnemite;Electric;Metalico;325;35;70;95;55;45;1;False
82;Magneton;Electric;Metalico;465;60;95;120;70;70;1;False
83;Farfetch'd;Normal;Voador;352;65;55;58;62;60;1;False
84;Doduo;Normal;Voador;310;85;45;35;35;75;1;False
85;Dodrio;Normal;Voador;460;110;70;60;60;100;1;False
86;Seel;Agua;;325;45;55;45;70;45;1;False
87;Dewgong;Agua;Gelo;475;70;80;70;95;70;1;False
88;Grimer;Venenoso;;325;80;50;40;50;25;1;False
89;Muk;Venenoso;;500;105;75;65;100;50;1;False
90;Shellder;Agua;;305;65;100;45;25;40;1;False
91;Cloyster;Agua;Gelo;525;95;180;85;45;70;1;False
92;Gastly;Fantasma;Venenoso;310;35;30;100;35;80;1;False
93;Haunter;Fantasma;Venenoso;405;50;45;115;55;95;1;False
94;Gengar;Fantasma;Venenoso;500;65;60;130;75;110;1;False
94;GengarMega Gengar;Fantasma;Venenoso;600;65;80;170;95;130;1;False
95;Onix;Pedra;Terra;385;45;160;30;45;70;1;False
96;Drowzee;Psiquico;;328;48;45;43;90;42;1;False
97;Hypno;Psiquico;;483;73;70;73;115;67;1;False
98;Krabby;Agua;;325;105;90;25;25;50;1;False
99;Kingler;Agua;;475;130;115;50;50;75;1;False
100;Voltorb;Electric;;330;30;50;55;55;100;1;False
101;Electrode;Electric;;480;50;70;80;80;140;1;False
102;Exeggcute;Planta;Psiquico;325;40;80;60;45;40;1;False
103;Exeggutor;Planta;Psiquico;520;95;85;125;65;55;1;False
104;Cubone;Terra;;320;50;95;40;50;35;1;False
105;Marowak;Terra;;425;80;110;50;80;45;1;False
106;Hitmonlee;Lutador;;455;120;53;35;110;87;1;False
107;Hitmonchan;Lutador;;455;105;79;35;110;76;1;False
108;Lickitung;Normal;;385;55;75;60;75;30;1;False
109;Koffing;Venenoso;;340;65;95;60;45;35;1;False
110;Weezing;Venenoso;;490;90;120;85;70;60;1;False
111;Rhyhorn;Terra;Pedra;345;85;95;30;30;25;1;False
112;Rhydon;Terra;Pedra;485;130;120;45;45;40;1;False
113;Chansey;Normal;;450;5;5;35;105;50;1;False
114;Tangela;Planta;;435;55;115;100;40;60;1;False
115;Kangaskhan;Normal;;490;95;80;40;80;90;1;False
115;KangaskhanMega Kangaskhan;Normal;;590;125;100;60;100;100;1;False
116;Horsea;Agua;;295;40;70;70;25;60;1;False
117;Seadra;Agua;;440;65;95;95;45;85;1;False
118;Goldeen;Agua;;320;67;60;35;50;63;1;False
119;Seaking;Agua;;450;92;65;65;80;68;1;False
120;Staryu;Agua;;340;45;55;70;55;85;1;False
121;Starmie;Agua;Psiquico;520;75;85;100;85;115;1;False
122;Mr. Mime;Psiquico;Fada;460;45;65;100;120;90;1;False
123;Scyther;Inseto;Voador;500;110;80;55;80;105;1;False
124;Jynx;Gelo;Psiquico;455;50;35;115;95;95;1;False
125;Electabuzz;Electric;;490;83;57;95;85;105;1;False
126;Magmar;Fogo;;495;95;57;100;85;93;1;False
127;Pinsir;Inseto;;500;125;100;55;70;85;1;False
127;PinsirMega Pinsir;Inseto;Voador;600;155;120;65;90;105;1;False
128;Tauros;Normal;;490;100;95;40;70;110;1;False
129;Magikarp;Agua;;200;10;55;15;20;80;1;False
130;Gyarados;Agua;Voador;540;125;79;60;100;81;1;False
130;GyaradosMega Gyarados;Agua;Noturno;640;155;109;70;130;81;1;False
131;Lapras;Agua;Gelo;535;85;80;85;95;60;1;False
132;Ditto;Normal;;288;48;48;48;48;48;1;False
133;Eevee;Normal;;325;55;50;45;65;55;1;False
134;Vaporeon;Agua;;525;65;60;110;95;65;1;False
135;Jolteon;Electric;;525;65;60;110;95;130;1;False
136;Flareon;Fogo;;525;130;60;95;110;65;1;False
137;Porygon;Normal;;395;60;70;85;75;40;1;False
138;Omanyte;Pedra;Agua;355;40;100;90;55;35;1;False
139;Omastar;Pedra;Agua;495;60;125;115;70;55;1;False
140;Kabuto;Pedra;Agua;355;80;90;55;45;55;1;False
141;Kabutops;Pedra;Agua;495;115;105;65;70;80;1;False
142;Aerodactyl;Pedra;Voador;515;105;65;60;75;130;1;False
142;AerodactylMega Aerodactyl;Pedra;Voador;615;135;85;70;95;150;1;False
143;Snorlax;Normal;;540;110;65;65;110;30;1;False
144;Articuno;Gelo;Voador;580;85;100;95;125;85;1;True
145;Zapdos;Electric;Voador;580;90;85;125;90;100;1;True
146;Moltres;Fogo;Voador;580;100;90;125;85;90;1;True
147;Dratini;Dragao;;300;64;45;50;50;50;1;False
148;Dragaoair;Dragao;;420;84;65;70;70;70;1;False
149;Dragaoite;Dragao;Voador;600;134;95;100;100;80;1;False
150;Mewtwo;Psiquico;;680;110;90;154;90;130;1;True
150;MewtwoMega Mewtwo X;Psiquico;Lutador;780;190;100;154;100;130;1;True
150;MewtwoMega Mewtwo Y;Psiquico;;780;150;70;194;120;140;1;True
151;Mew;Psiquico;;600;100;100;100;100;100;1;False
152;Chikorita;Planta;;318;49;65;49;65;45;2;False
153;Bayleef;Planta;;405;62;80;63;80;60;2;False
154;Meganium;Planta;;525;82;100;83;100;80;2;False
155;Cyndaquil;Fogo;;309;52;43;60;50;65;2;False
156;Quilava;Fogo;;405;64;58;80;65;80;2;False
157;Typhlosion;Fogo;;534;84;78;109;85;100;2;False
158;Totodile;Agua;;314;65;64;44;48;43;2;False
159;Croconaw;Agua;;405;80;80;59;63;58;2;False
160;Feraligatr;Agua;;530;105;100;79;83;78;2;False
161;Sentret;Normal;;215;46;34;35;45;20;2;False
162;Furret;Normal;;415;76;64;45;55;90;2;False
163;Hoothoot;Normal;Voador;262;30;30;36;56;50;2;False
164;Noctowl;Normal;Voador;442;50;50;76;96;70;2;False
165;Ledyba;Inseto;Voador;265;20;30;40;80;55;2;False
166;Ledian;Inseto;Voador;390;35;50;55;110;85;2;False
167;Spinarak;Inseto;Venenoso;250;60;40;40;40;30;2;False
168;Ariados;Inseto;Venenoso;390;90;70;60;60;40;2;False
169;Crobat;Venenoso;Voador;535;90;80;70;80;130;2;False
170;Chinchou;Agua;Electric;330;38;38;56;56;67;2;False
171;Lanturn;Agua;Electric;460;58;58;76;76;67;2;False
172;Pichu;Electric;;205;40;15;35;35;60;2;False
173;Cleffa;Fada;;218;25;28;45;55;15;2;False
174;Igglybuff;Normal;Fada;210;30;15;40;20;15;2;False
175;Togepi;Fada;;245;20;65;40;65;20;2;False
176;Togetic;Fada;Voador;405;40;85;80;105;40;2;False
177;Natu;Psiquico;Voador;320;50;45;70;45;70;2;False
178;Xatu;Psiquico;Voador;470;75;70;95;70;95;2;False
179;Mareep;Electric;;280;40;40;65;45;35;2;False
180;Flaaffy;Electric;;365;55;55;80;60;45;2;False
181;Ampharos;Electric;;510;75;85;115;90;55;2;False
181;AmpharosMega Ampharos;Electric;Dragao;610;95;105;165;110;45;2;False
182;Bellossom;Planta;;490;80;95;90;100;50;2;False
183;Marill;Agua;Fada;250;20;50;20;50;40;2;False
184;Azumarill;Agua;Fada;420;50;80;60;80;50;2;False
185;Sudowoodo;Pedra;;410;100;115;30;65;30;2;False
186;Politoed;Agua;;500;75;75;90;100;70;2;False
187;Hoppip;Planta;Voador;250;35;40;35;55;50;2;False
188;Skiploom;Planta;Voador;340;45;50;45;65;80;2;False
189;Jumpluff;Planta;Voador;460;55;70;55;95;110;2;False
190;Aipom;Normal;;360;70;55;40;55;85;2;False
191;Sunkern;Planta;;180;30;30;30;30;30;2;False
192;Sunflora;Planta;;425;75;55;105;85;30;2;False
193;Yanma;Inseto;Voador;390;65;45;75;45;95;2;False
194;Wooper;Agua;Terra;210;45;45;25;25;15;2;False
195;Quagsire;Agua;Terra;430;85;85;65;65;35;2;False
196;Espeon;Psiquico;;525;65;60;130;95;110;2;False
197;Umbreon;Noturno;;525;65;110;60;130;65;2;False
198;Murkrow;Noturno;Voador;405;85;42;85;42;91;2;False
199;Slowking;Agua;Psiquico;490;75;80;100;110;30;2;False
200;Misdreavus;Fantasma;;435;60;60;85;85;85;2;False
201;Unown;Psiquico;;336;72;48;72;48;48;2;False
202;Wobbuffet;Psiquico;;405;33;58;33;58;33;2;False
203;Girafarig;Normal;Psiquico;455;80;65;90;65;85;2;False
204;Pineco;Inseto;;290;65;90;35;35;15;2;False
205;Forretress;Inseto;Metalico;465;90;140;60;60;40;2;False
206;Dunsparce;Normal;;415;70;70;65;65;45;2;False
207;Gligar;Terra;Voador;430;75;105;35;65;85;2;False
208;Metalicoix;Metalico;Terra;510;85;200;55;65;30;2;False
208;MetalicoixMega Metalicoix;Metalico;Terra;610;125;230;55;95;30;2;False
209;Snubbull;Fada;;300;80;50;40;40;30;2;False
210;Granbull;Fada;;450;120;75;60;60;45;2;False
211;Qwilfish;Agua;Venenoso;430;95;75;55;55;85;2;False
212;Scizor;Inseto;Metalico;500;130;100;55;80;65;2;False
212;ScizorMega Scizor;Inseto;Metalico;600;150;140;65;100;75;2;False
213;Shuckle;Inseto;Pedra;505;10;230;10;230;5;2;False
214;Heracross;Inseto;Lutador;500;125;75;40;95;85;2;False
214;HeracrossMega Heracross;Inseto;Lutador;600;185;115;40;105;75;2;False
215;Sneasel;Noturno;Gelo;430;95;55;35;75;115;2;False
216;Teddiursa;Normal;;330;80;50;50;50;40;2;False
217;Ursaring;Normal;;500;130;75;75;75;55;2;False
218;Slugma;Fogo;;250;40;40;70;40;20;2;False
219;Magcargo;Fogo;Pedra;410;50;120;80;80;30;2;False
220;Swinub;Gelo;Terra;250;50;40;30;30;50;2;False
221;Piloswine;Gelo;Terra;450;100;80;60;60;50;2;False
222;Corsola;Agua;Pedra;380;55;85;65;85;35;2;False
223;Remoraid;Agua;;300;65;35;65;35;65;2;False
224;Octillery;Agua;;480;105;75;105;75;45;2;False
225;Delibird;Gelo;Voador;330;55;45;65;45;75;2;False
226;Mantine;Agua;Voador;465;40;70;80;140;70;2;False
227;Skarmory;Metalico;Voador;465;80;140;40;70;70;2;False
228;Houndour;Noturno;Fogo;330;60;30;80;50;65;2;False
229;Houndoom;Noturno;Fogo;500;90;50;110;80;95;2;False
229;HoundoomMega Houndoom;Noturno;Fogo;600;90;90;140;90;115;2;False
230;Kingdra;Agua;Dragao;540;95;95;95;95;85;2;False
231;Phanpy;Terra;;330;60;60;40;40;40;2;False
232;Donphan;Terra;;500;120;120;60;60;50;2;False
233;Porygon2;Normal;;515;80;90;105;95;60;2;False
234;Stantler;Normal;;465;95;62;85;65;85;2;False
235;Smeargle;Normal;;250;20;35;20;45;75;2;False
236;Tyrogue;Lutador;;210;35;35;35;35;35;2;False
237;Hitmontop;Lutador;;455;95;95;35;110;70;2;False
238;Smoochum;Gelo;Psiquico;305;30;15;85;65;65;2;False
239;Elekid;Electric;;360;63;37;65;55;95;2;False
240;Magby;Fogo;;365;75;37;70;55;83;2;False
241;Miltank;Normal;;490;80;105;40;70;100;2;False
242;Blissey;Normal;;540;10;10;75;135;55;2;False
243;Raikou;Electric;;580;85;75;115;100;115;2;True
244;Entei;Fogo;;580;115;85;90;75;100;2;True
245;Suicune;Agua;;580;75;115;90;115;85;2;True
246;Larvitar;Pedra;Terra;300;64;50;45;50;41;2;False
247;Pupitar;Pedra;Terra;410;84;70;65;70;51;2;False
248;Tyranitar;Pedra;Noturno;600;134;110;95;100;61;2;False
248;TyranitarMega Tyranitar;Pedra;Noturno;700;164;150;95;120;71;2;False
249;Lugia;Psiquico;Voador;680;90;130;90;154;110;2;True
250;Ho-oh;Fogo;Voador;680;130;90;110;154;90;2;True
251;Celebi;Psiquico;Planta;600;100;100;100;100;100;2;False
252;Treecko;Planta;;310;45;35;65;55;70;3;False
253;Grovyle;Planta;;405;65;45;85;65;95;3;False
254;Sceptile;Planta;;530;85;65;105;85;120;3;False
254;SceptileMega Sceptile;Planta;Dragao;630;110;75;145;85;145;3;False
255;Torchic;Fogo;;310;60;40;70;50;45;3;False
256;Combusken;Fogo;Lutador;405;85;60;85;60;55;3;False
257;Blaziken;Fogo;Lutador;530;120;70;110;70;80;3;False
257;BlazikenMega Blaziken;Fogo;Lutador;630;160;80;130;80;100;3;False
258;Mudkip;Agua;;310;70;50;50;50;40;3;False
259;Marshtomp;Agua;Terra;405;85;70;60;70;50;3;False
260;Swampert;Agua;Terra;535;110;90;85;90;60;3;False
260;SwampertMega Swampert;Agua;Terra;635;150;110;95;110;70;3;False
261;Poochyena;Noturno;;220;55;35;30;30;35;3;False
262;Mightyena;Noturno;;420;90;70;60;60;70;3;False
263;Zigzagoon;Normal;;240;30;41;30;41;60;3;False
264;Linoone;Normal;;420;70;61;50;61;100;3;False
265;Wurmple;Inseto;;195;45;35;20;30;20;3;False
266;Silcoon;Inseto;;205;35;55;25;25;15;3;False
267;Beautifly;Inseto;Voador;395;70;50;100;50;65;3;False
268;Cascoon;Inseto;;205;35;55;25;25;15;3;False
269;Dustox;Inseto;Venenoso;385;50;70;50;90;65;3;False
270;Lotad;Agua;Planta;220;30;30;40;50;30;3;False
271;Lombre;Agua;Planta;340;50;50;60;70;50;3;False
272;Ludicolo;Agua;Planta;480;70;70;90;100;70;3;False
273;Seedot;Planta;;220;40;50;30;30;30;3;False
274;Nuzleaf;Planta;Noturno;340;70;40;60;40;60;3;False
275;Shiftry;Planta;Noturno;480;100;60;90;60;80;3;False
276;Taillow;Normal;Voador;270;55;30;30;30;85;3;False
277;Swellow;Normal;Voador;430;85;60;50;50;125;3;False
278;Wingull;Agua;Voador;270;30;30;55;30;85;3;False
279;Pelipper;Agua;Voador;430;50;100;85;70;65;3;False
280;Ralts;Psiquico;Fada;198;25;25;45;35;40;3;False
281;Kirlia;Psiquico;Fada;278;35;35;65;55;50;3;False
282;Gardevoir;Psiquico;Fada;518;65;65;125;115;80;3;False
282;GardevoirMega Gardevoir;Psiquico;Fada;618;85;65;165;135;100;3;False
283;Surskit;Inseto;Agua;269;30;32;50;52;65;3;False
284;Masquerain;Inseto;Voador;414;60;62;80;82;60;3;False
285;Shroomish;Planta;;295;40;60;40;60;35;3;False
286;Breloom;Planta;Lutador;460;130;80;60;60;70;3;False
287;Slakoth;Normal;;280;60;60;35;35;30;3;False
288;Vigoroth;Normal;;440;80;80;55;55;90;3;False
289;Slaking;Normal;;670;160;100;95;65;100;3;False
290;Nincada;Inseto;Terra;266;45;90;30;30;40;3;False
291;Ninjask;Inseto;Voador;456;90;45;50;50;160;3;False
292;Shedinja;Inseto;Fantasma;236;90;45;30;30;40;3;False
293;Whismur;Normal;;240;51;23;51;23;28;3;False
294;Loudred;Normal;;360;71;43;71;43;48;3;False
295;Exploud;Normal;;490;91;63;91;73;68;3;False
296;Makuhita;Lutador;;237;60;30;20;30;25;3;False
297;Hariyama;Lutador;;474;120;60;40;60;50;3;False
298;Azurill;Normal;Fada;190;20;40;20;40;20;3;False
299;Nosepass;Pedra;;375;45;135;45;90;30;3;False
300;Skitty;Normal;;260;45;45;35;35;50;3;False
301;Delcatty;Normal;;380;65;65;55;55;70;3;False
302;Sableye;Noturno;Fantasma;380;75;75;65;65;50;3;False
302;SableyeMega Sableye;Noturno;Fantasma;480;85;125;85;115;20;3;False
303;Mawile;Metalico;Fada;380;85;85;55;55;50;3;False
303;MawileMega Mawile;Metalico;Fada;480;105;125;55;95;50;3;False
304;Aron;Metalico;Pedra;330;70;100;40;40;30;3;False
305;Lairon;Metalico;Pedra;430;90;140;50;50;40;3;False
306;Aggron;Metalico;Pedra;530;110;180;60;60;50;3;False
306;AggronMega Aggron;Metalico;;630;140;230;60;80;50;3;False
307;Meditite;Lutador;Psiquico;280;40;55;40;55;60;3;False
308;Medicham;Lutador;Psiquico;410;60;75;60;75;80;3;False
308;MedichamMega Medicham;Lutador;Psiquico;510;100;85;80;85;100;3;False
309;Electrike;Electric;;295;45;40;65;40;65;3;False
310;Manectric;Electric;;475;75;60;105;60;105;3;False
310;ManectricMega Manectric;Electric;;575;75;80;135;80;135;3;False
311;Plusle;Electric;;405;50;40;85;75;95;3;False
312;Minun;Electric;;405;40;50;75;85;95;3;False
313;Volbeat;Inseto;;400;73;55;47;75;85;3;False
314;Illumise;Inseto;;400;47;55;73;75;85;3;False
315;Roselia;Planta;Venenoso;400;60;45;100;80;65;3;False
316;Gulpin;Venenoso;;302;43;53;43;53;40;3;False
317;Swalot;Venenoso;;467;73;83;73;83;55;3;False
318;Carvanha;Agua;Noturno;305;90;20;65;20;65;3;False
319;Sharpedo;Agua;Noturno;460;120;40;95;40;95;3;False
319;SharpedoMega Sharpedo;Agua;Noturno;560;140;70;110;65;105;3;False
320;Wailmer;Agua;;400;70;35;70;35;60;3;False
321;Wailord;Agua;;500;90;45;90;45;60;3;False
322;Numel;Fogo;Terra;305;60;40;65;45;35;3;False
323;Camerupt;Fogo;Terra;460;100;70;105;75;40;3;False
323;CameruptMega Camerupt;Fogo;Terra;560;120;100;145;105;20;3;False
324;Torkoal;Fogo;;470;85;140;85;70;20;3;False
325;Spoink;Psiquico;;330;25;35;70;80;60;3;False
326;Grumpig;Psiquico;;470;45;65;90;110;80;3;False
327;Spinda;Normal;;360;60;60;60;60;60;3;False
328;Trapinch;Terra;;290;100;45;45;45;10;3;False
329;Vibrava;Terra;Dragao;340;70;50;50;50;70;3;False
330;Flygon;Terra;Dragao;520;100;80;80;80;100;3;False
331;Cacnea;Planta;;335;85;40;85;40;35;3;False
332;Cacturne;Planta;Noturno;475;115;60;115;60;55;3;False
333;Swablu;Normal;Voador;310;40;60;40;75;50;3;False
334;Altaria;Dragao;Voador;490;70;90;70;105;80;3;False
334;AltariaMega Altaria;Dragao;Fada;590;110;110;110;105;80;3;False
335;Zangoose;Normal;;458;115;60;60;60;90;3;False
336;Seviper;Venenoso;;458;100;60;100;60;65;3;False
337;Lunatone;Pedra;Psiquico;440;55;65;95;85;70;3;False
338;SolPedra;Pedra;Psiquico;440;95;85;55;65;70;3;False
339;Barboach;Agua;Terra;288;48;43;46;41;60;3;False
340;Whiscash;Agua;Terra;468;78;73;76;71;60;3;False
341;Corphish;Agua;;308;80;65;50;35;35;3;False
342;Crawdaunt;Agua;Noturno;468;120;85;90;55;55;3;False
343;Baltoy;Terra;Psiquico;300;40;55;40;70;55;3;False
344;Claydol;Terra;Psiquico;500;70;105;70;120;75;3;False
345;Lileep;Pedra;Planta;355;41;77;61;87;23;3;False
346;Cradily;Pedra;Planta;495;81;97;81;107;43;3;False
347;Anorith;Pedra;Inseto;355;95;50;40;50;75;3;False
348;Armaldo;Pedra;Inseto;495;125;100;70;80;45;3;False
349;Feebas;Agua;;200;15;20;10;55;80;3;False
350;Milotic;Agua;;540;60;79;100;125;81;3;False
351;Castform;Normal;;420;70;70;70;70;70;3;False
352;Kecleon;Normal;;440;90;70;60;120;40;3;False
353;Shuppet;Fantasma;;295;75;35;63;33;45;3;False
354;Banette;Fantasma;;455;115;65;83;63;65;3;False
354;BanetteMega Banette;Fantasma;;555;165;75;93;83;75;3;False
355;Duskull;Fantasma;;295;40;90;30;90;25;3;False
356;Dusclops;Fantasma;;455;70;130;60;130;25;3;False
357;Tropius;Planta;Voador;460;68;83;72;87;51;3;False
358;Chimecho;Psiquico;;425;50;70;95;80;65;3;False
359;Absol;Noturno;;465;130;60;75;60;75;3;False
359;AbsolMega Absol;Noturno;;565;150;60;115;60;115;3;False
360;Wynaut;Psiquico;;260;23;48;23;48;23;3;False
361;Snorunt;Gelo;;300;50;50;50;50;50;3;False
362;Glalie;Gelo;;480;80;80;80;80;80;3;False
362;GlalieMega Glalie;Gelo;;580;120;80;120;80;100;3;False
363;Spheal;Gelo;Agua;290;40;50;55;50;25;3;False
364;Sealeo;Gelo;Agua;410;60;70;75;70;45;3;False
365;Walrein;Gelo;Agua;530;80;90;95;90;65;3;False
366;Clamperl;Agua;;345;64;85;74;55;32;3;False
367;Huntail;Agua;;485;104;105;94;75;52;3;False
368;Gorebyss;Agua;;485;84;105;114;75;52;3;False
369;Relicanth;Agua;Pedra;485;90;130;45;65;55;3;False
370;Luvdisc;Agua;;330;30;55;40;65;97;3;False
371;Bagon;Dragao;;300;75;60;40;30;50;3;False
372;Shelgon;Dragao;;420;95;100;60;50;50;3;False
373;Salamence;Dragao;Voador;600;135;80;110;80;100;3;False
373;SalamenceMega Salamence;Dragao;Voador;700;145;130;120;90;120;3;False
374;Beldum;Metalico;Psiquico;300;55;80;35;60;30;3;False
375;Metang;Metalico;Psiquico;420;75;100;55;80;50;3;False
376;Metagross;Metalico;Psiquico;600;135;130;95;90;70;3;False
376;MetagrossMega Metagross;Metalico;Psiquico;700;145;150;105;110;110;3;False
377;RegiPedra;Pedra;;580;100;200;50;100;50;3;True
378;RegGelo;Gelo;;580;50;100;100;200;50;3;True
379;RegiMetalico;Metalico;;580;75;150;75;150;50;3;True
380;Latias;Dragao;Psiquico;600;80;90;110;130;110;3;True
380;LatiasMega Latias;Dragao;Psiquico;700;100;120;140;150;110;3;True
381;Latios;Dragao;Psiquico;600;90;80;130;110;110;3;True
381;LatiosMega Latios;Dragao;Psiquico;700;130;100;160;120;110;3;True
382;Kyogre;Agua;;670;100;90;150;140;90;3;True
382;KyogrePrimal Kyogre;Agua;;770;150;90;180;160;90;3;True
383;Groudon;Terra;;670;150;140;100;90;90;3;True
383;GroudonPrimal Groudon;Terra;Fogo;770;180;160;150;90;90;3;True
384;Rayquaza;Dragao;Voador;680;150;90;150;90;95;3;True
384;RayquazaMega Rayquaza;Dragao;Voador;780;180;100;180;100;115;3;True
385;Jirachi;Metalico;Psiquico;600;100;100;100;100;100;3;True
386;DeoxysNormal Forme;Psiquico;;600;150;50;150;50;150;3;True
386;DeoxysAttack Forme;Psiquico;;600;180;20;180;20;150;3;True
386;DeoxysDefense Forme;Psiquico;;600;70;160;70;160;90;3;True
386;DeoxysSpeed Forme;Psiquico;;600;95;90;95;90;180;3;True
387;Turtwig;Planta;;318;68;64;45;55;31;4;False
388;Grotle;Planta;;405;89;85;55;65;36;4;False
389;Torterra;Planta;Terra;525;109;105;75;85;56;4;False
390;Chimchar;Fogo;;309;58;44;58;44;61;4;False
391;Monferno;Fogo;Lutador;405;78;52;78;52;81;4;False
392;Infernape;Fogo;Lutador;534;104;71;104;71;108;4;False
393;Piplup;Agua;;314;51;53;61;56;40;4;False
394;Prinplup;Agua;;405;66;68;81;76;50;4;False
395;Empoleon;Agua;Metalico;530;86;88;111;101;60;4;False
396;Starly;Normal;Voador;245;55;30;30;30;60;4;False
397;Staravia;Normal;Voador;340;75;50;40;40;80;4;False
398;Staraptor;Normal;Voador;485;120;70;50;60;100;4;False
399;Bidoof;Normal;;250;45;40;35;40;31;4;False
400;Bibarel;Normal;Agua;410;85;60;55;60;71;4;False
401;Kricketot;Inseto;;194;25;41;25;41;25;4;False
402;Kricketune;Inseto;;384;85;51;55;51;65;4;False
403;Shinx;Electric;;263;65;34;40;34;45;4;False
404;Luxio;Electric;;363;85;49;60;49;60;4;False
405;Luxray;Electric;;523;120;79;95;79;70;4;False
406;Budew;Planta;Venenoso;280;30;35;50;70;55;4;False
407;Roserade;Planta;Venenoso;515;70;65;125;105;90;4;False
408;Cranidos;Pedra;;350;125;40;30;30;58;4;False
409;Rampardos;Pedra;;495;165;60;65;50;58;4;False
410;Shieldon;Pedra;Metalico;350;42;118;42;88;30;4;False
411;Bastiodon;Pedra;Metalico;495;52;168;47;138;30;4;False
412;Burmy;Inseto;;224;29;45;29;45;36;4;False
413;WormadamPlant Cloak;Inseto;Planta;424;59;85;79;105;36;4;False
413;WormadamSandy Cloak;Inseto;Terra;424;79;105;59;85;36;4;False
413;WormadamTrash Cloak;Inseto;Metalico;424;69;95;69;95;36;4;False
414;Mothim;Inseto;Voador;424;94;50;94;50;66;4;False
415;Combee;Inseto;Voador;244;30;42;30;42;70;4;False
416;Vespiquen;Inseto;Voador;474;80;102;80;102;40;4;False
417;Pachirisu;Electric;;405;45;70;45;90;95;4;False
418;Buizel;Agua;;330;65;35;60;30;85;4;False
419;Floatzel;Agua;;495;105;55;85;50;115;4;False
420;Cherubi;Planta;;275;35;45;62;53;35;4;False
421;Cherrim;Planta;;450;60;70;87;78;85;4;False
422;Shellos;Agua;;325;48;48;57;62;34;4;False
423;Gastrodon;Agua;Terra;475;83;68;92;82;39;4;False
424;Ambipom;Normal;;482;100;66;60;66;115;4;False
425;Drifloon;Fantasma;Voador;348;50;34;60;44;70;4;False
426;Drifblim;Fantasma;Voador;498;80;44;90;54;80;4;False
427;Buneary;Normal;;350;66;44;44;56;85;4;False
428;Lopunny;Normal;;480;76;84;54;96;105;4;False
428;LopunnyMega Lopunny;Normal;Lutador;580;136;94;54;96;135;4;False
429;Mismagius;Fantasma;;495;60;60;105;105;105;4;False
430;Honchkrow;Noturno;Voador;505;125;52;105;52;71;4;False
431;Glameow;Normal;;310;55;42;42;37;85;4;False
432;Purugly;Normal;;452;82;64;64;59;112;4;False
433;Chingling;Psiquico;;285;30;50;65;50;45;4;False
434;Stunky;Venenoso;Noturno;329;63;47;41;41;74;4;False
435;Skuntank;Venenoso;Noturno;479;93;67;71;61;84;4;False
436;Bronzor;Metalico;Psiquico;300;24;86;24;86;23;4;False
437;Bronzong;Metalico;Psiquico;500;89;116;79;116;33;4;False
438;Bonsly;Pedra;;290;80;95;10;45;10;4;False
439;Mime Jr.;Psiquico;Fada;310;25;45;70;90;60;4;False
440;Happiny;Normal;;220;5;5;15;65;30;4;False
441;Chatot;Normal;Voador;411;65;45;92;42;91;4;False
442;Spiritomb;Fantasma;Noturno;485;92;108;92;108;35;4;False
443;Gible;Dragao;Terra;300;70;45;40;45;42;4;False
444;Gabite;Dragao;Terra;410;90;65;50;55;82;4;False
445;Garchomp;Dragao;Terra;600;130;95;80;85;102;4;False
445;GarchompMega Garchomp;Dragao;Terra;700;170;115;120;95;92;4;False
446;Munchlax;Normal;;390;85;40;40;85;5;4;False
447;Riolu;Lutador;;285;70;40;35;40;60;4;False
448;Lucario;Lutador;Metalico;525;110;70;115;70;90;4;False
448;LucarioMega Lucario;Lutador;Metalico;625;145;88;140;70;112;4;False
449;Hippopotas;Terra;;330;72;78;38;42;32;4;False
450;Hippowdon;Terra;;525;112;118;68;72;47;4;False
451;Skorupi;Venenoso;Inseto;330;50;90;30;55;65;4;False
452;Drapion;Venenoso;Noturno;500;90;110;60;75;95;4;False
453;Croagunk;Venenoso;Lutador;300;61;40;61;40;50;4;False
454;Toxicroak;Venenoso;Lutador;490;106;65;86;65;85;4;False
455;Carnivine;Planta;;454;100;72;90;72;46;4;False
456;Finneon;Agua;;330;49;56;49;61;66;4;False
457;Lumineon;Agua;;460;69;76;69;86;91;4;False
458;Mantyke;Agua;Voador;345;20;50;60;120;50;4;False
459;Snover;Planta;Gelo;334;62;50;62;60;40;4;False
460;Abomasnow;Planta;Gelo;494;92;75;92;85;60;4;False
460;AbomasnowMega Abomasnow;Planta;Gelo;594;132;105;132;105;30;4;False
461;Weavile;Noturno;Gelo;510;120;65;45;85;125;4;False
462;Magnezone;Electric;Metalico;535;70;115;130;90;60;4;False
463;Lickilicky;Normal;;515;85;95;80;95;50;4;False
464;Rhyperior;Terra;Pedra;535;140;130;55;55;40;4;False
465;Tangrowth;Planta;;535;100;125;110;50;50;4;False
466;Electivire;Electric;;540;123;67;95;85;95;4;False
467;Magmortar;Fogo;;540;95;67;125;95;83;4;False
468;Togekiss;Fada;Voador;545;50;95;120;115;80;4;False
469;Yanmega;Inseto;Voador;515;76;86;116;56;95;4;False
470;Leafeon;Planta;;525;110;130;60;65;95;4;False
471;Glaceon;Gelo;;525;60;110;130;95;65;4;False
472;Gliscor;Terra;Voador;510;95;125;45;75;95;4;False
473;Mamoswine;Gelo;Terra;530;130;80;70;60;80;4;False
474;Porygon-Z;Normal;;535;80;70;135;75;90;4;False
475;Gallade;Psiquico;Lutador;518;125;65;65;115;80;4;False
475;GalladeMega Gallade;Psiquico;Lutador;618;165;95;65;115;110;4;False
476;Probopass;Pedra;Metalico;525;55;145;75;150;40;4;False
477;Dusknoir;Fantasma;;525;100;135;65;135;45;4;False
478;Froslass;Gelo;Fantasma;480;80;70;80;70;110;4;False
479;Rotom;Electric;Fantasma;440;50;77;95;77;91;4;False
479;RotomHeat Rotom;Electric;Fogo;520;65;107;105;107;86;4;False
479;RotomWash Rotom;Electric;Agua;520;65;107;105;107;86;4;False
479;RotomFrost Rotom;Electric;Gelo;520;65;107;105;107;86;4;False
479;RotomFan Rotom;Electric;Voador;520;65;107;105;107;86;4;False
479;RotomMow Rotom;Electric;Planta;520;65;107;105;107;86;4;False
480;Uxie;Psiquico;;580;75;130;75;130;95;4;True
481;Mesprit;Psiquico;;580;105;105;105;105;80;4;True
482;Azelf;Psiquico;;580;125;70;125;70;115;4;True
483;Dialga;Metalico;Dragao;680;120;120;150;100;90;4;True
484;Palkia;Agua;Dragao;680;120;100;150;120;100;4;True
485;Heatran;Fogo;Metalico;600;90;106;130;106;77;4;True
486;Regigigas;Normal;;670;160;110;80;110;100;4;True
487;GiratinaAltered Forme;Fantasma;Dragao;680;100;120;100;120;90;4;True
487;GiratinaOrigin Forme;Fantasma;Dragao;680;120;100;120;100;90;4;True
488;Cresselia;Psiquico;;600;70;120;75;130;85;4;False
489;Phione;Agua;;480;80;80;80;80;80;4;False
490;Manaphy;Agua;;600;100;100;100;100;100;4;False
491;Noturnorai;Noturno;;600;90;90;135;90;125;4;True
492;ShayminLand Forme;Planta;;600;100;100;100;100;100;4;True
492;ShayminSky Forme;Planta;Voador;600;103;75;120;75;127;4;True
493;Arceus;Normal;;720;120;120;120;120;120;4;True
494;Victini;Psiquico;Fogo;600;100;100;100;100;100;5;True
495;Snivy;Planta;;308;45;55;45;55;63;5;False
496;Servine;Planta;;413;60;75;60;75;83;5;False
497;Serperior;Planta;;528;75;95;75;95;113;5;False
498;Tepig;Fogo;;308;63;45;45;45;45;5;False
499;Pignite;Fogo;Lutador;418;93;55;70;55;55;5;False
500;Emboar;Fogo;Lutador;528;123;65;100;65;65;5;False
501;Oshawott;Agua;;308;55;45;63;45;45;5;False
502;Dewott;Agua;;413;75;60;83;60;60;5;False
503;Samurott;Agua;;528;100;85;108;70;70;5;False
504;Patrat;Normal;;255;55;39;35;39;42;5;False
505;Watchog;Normal;;420;85;69;60;69;77;5;False
506;Lillipup;Normal;;275;60;45;25;45;55;5;False
507;Herdier;Normal;;370;80;65;35;65;60;5;False
508;Stoutland;Normal;;500;110;90;45;90;80;5;False
509;Purrloin;Noturno;;281;50;37;50;37;66;5;False
510;Liepard;Noturno;;446;88;50;88;50;106;5;False
511;Pansage;Planta;;316;53;48;53;48;64;5;False
512;Simisage;Planta;;498;98;63;98;63;101;5;False
513;Pansear;Fogo;;316;53;48;53;48;64;5;False
514;Simisear;Fogo;;498;98;63;98;63;101;5;False
515;Panpour;Agua;;316;53;48;53;48;64;5;False
516;Simipour;Agua;;498;98;63;98;63;101;5;False
517;Munna;Psiquico;;292;25;45;67;55;24;5;False
518;Musharna;Psiquico;;487;55;85;107;95;29;5;False
519;Pidove;Normal;Voador;264;55;50;36;30;43;5;False
520;Tranquill;Normal;Voador;358;77;62;50;42;65;5;False
521;Unfezant;Normal;Voador;488;115;80;65;55;93;5;False
522;Blitzle;Electric;;295;60;32;50;32;76;5;False
523;Zebstrika;Electric;;497;100;63;80;63;116;5;False
524;Roggenrola;Pedra;;280;75;85;25;25;15;5;False
525;Boldore;Pedra;;390;105;105;50;40;20;5;False
526;Gigalith;Pedra;;515;135;130;60;80;25;5;False
527;Woobat;Psiquico;Voador;313;45;43;55;43;72;5;False
528;Swoobat;Psiquico;Voador;425;57;55;77;55;114;5;False
529;Drilbur;Terra;;328;85;40;30;45;68;5;False
530;Excadrill;Terra;Metalico;508;135;60;50;65;88;5;False
531;Audino;Normal;;445;60;86;60;86;50;5;False
531;AudinoMega Audino;Normal;Fada;545;60;126;80;126;50;5;False
532;Timburr;Lutador;;305;80;55;25;35;35;5;False
533;Gurdurr;Lutador;;405;105;85;40;50;40;5;False
534;Conkeldurr;Lutador;;505;140;95;55;65;45;5;False
535;Tympole;Agua;;294;50;40;50;40;64;5;False
536;Palpitoad;Agua;Terra;384;65;55;65;55;69;5;False
537;Seismitoad;Agua;Terra;509;95;75;85;75;74;5;False
538;Throh;Lutador;;465;100;85;30;85;45;5;False
539;Sawk;Lutador;;465;125;75;30;75;85;5;False
540;Sewaddle;Inseto;Planta;310;53;70;40;60;42;5;False
541;Swadloon;Inseto;Planta;380;63;90;50;80;42;5;False
542;Leavanny;Inseto;Planta;500;103;80;70;80;92;5;False
543;Venipede;Inseto;Venenoso;260;45;59;30;39;57;5;False
544;Whirlipede;Inseto;Venenoso;360;55;99;40;79;47;5;False
545;Scolipede;Inseto;Venenoso;485;100;89;55;69;112;5;False
546;Cottonee;Planta;Fada;280;27;60;37;50;66;5;False
547;Whimsicott;Planta;Fada;480;67;85;77;75;116;5;False
548;Petilil;Planta;;280;35;50;70;50;30;5;False
549;Lilligant;Planta;;480;60;75;110;75;90;5;False
550;Basculin;Agua;;460;92;65;80;55;98;5;False
551;Sandile;Terra;Noturno;292;72;35;35;35;65;5;False
552;Krokorok;Terra;Noturno;351;82;45;45;45;74;5;False
553;Krookodile;Terra;Noturno;519;117;80;65;70;92;5;False
554;Darumaka;Fogo;;315;90;45;15;45;50;5;False
555;DarmanitanStandard Mode;Fogo;;480;140;55;30;55;95;5;False
555;DarmanitanZen Mode;Fogo;Psiquico;540;30;105;140;105;55;5;False
556;Maractus;Planta;;461;86;67;106;67;60;5;False
557;Dwebble;Inseto;Pedra;325;65;85;35;35;55;5;False
558;Crustle;Inseto;Pedra;475;95;125;65;75;45;5;False
559;Scraggy;Noturno;Lutador;348;75;70;35;70;48;5;False
560;Scrafty;Noturno;Lutador;488;90;115;45;115;58;5;False
561;Sigilyph;Psiquico;Voador;490;58;80;103;80;97;5;False
562;Yamask;Fantasma;;303;30;85;55;65;30;5;False
563;Cofagrigus;Fantasma;;483;50;145;95;105;30;5;False
564;Tirtouga;Agua;Pedra;355;78;103;53;45;22;5;False
565;Carracosta;Agua;Pedra;495;108;133;83;65;32;5;False
566;Archen;Pedra;Voador;401;112;45;74;45;70;5;False
567;Archeops;Pedra;Voador;567;140;65;112;65;110;5;False
568;Trubbish;Venenoso;;329;50;62;40;62;65;5;False
569;Garbodor;Venenoso;;474;95;82;60;82;75;5;False
570;Zorua;Noturno;;330;65;40;80;40;65;5;False
571;Zoroark;Noturno;;510;105;60;120;60;105;5;False
572;Minccino;Normal;;300;50;40;40;40;75;5;False
573;Cinccino;Normal;;470;95;60;65;60;115;5;False
574;Gothita;Psiquico;;290;30;50;55;65;45;5;False
575;Gothorita;Psiquico;;390;45;70;75;85;55;5;False
576;Gothitelle;Psiquico;;490;55;95;95;110;65;5;False
577;Solosis;Psiquico;;290;30;40;105;50;20;5;False
578;Duosion;Psiquico;;370;40;50;125;60;30;5;False
579;Reuniclus;Psiquico;;490;65;75;125;85;30;5;False
580;Ducklett;Agua;Voador;305;44;50;44;50;55;5;False
581;Swanna;Agua;Voador;473;87;63;87;63;98;5;False
582;Vanillite;Gelo;;305;50;50;65;60;44;5;False
583;Vanillish;Gelo;;395;65;65;80;75;59;5;False
584;Vanilluxe;Gelo;;535;95;85;110;95;79;5;False
585;Deerling;Normal;Planta;335;60;50;40;50;75;5;False
586;Sawsbuck;Normal;Planta;475;100;70;60;70;95;5;False
587;Emolga;Electric;Voador;428;75;60;75;60;103;5;False
588;Karrablast;Inseto;;315;75;45;40;45;60;5;False
589;Escavalier;Inseto;Metalico;495;135;105;60;105;20;5;False
590;Foongus;Planta;Venenoso;294;55;45;55;55;15;5;False
591;Amoonguss;Planta;Venenoso;464;85;70;85;80;30;5;False
592;Frillish;Agua;Fantasma;335;40;50;65;85;40;5;False
593;JellGelont;Agua;Fantasma;480;60;70;85;105;60;5;False
594;Alomomola;Agua;;470;75;80;40;45;65;5;False
595;Joltik;Inseto;Electric;319;47;50;57;50;65;5;False
596;Galvantula;Inseto;Electric;472;77;60;97;60;108;5;False
597;Ferroseed;Planta;Metalico;305;50;91;24;86;10;5;False
598;Ferrothorn;Planta;Metalico;489;94;131;54;116;20;5;False
599;Klink;Metalico;;300;55;70;45;60;30;5;False
600;Klang;Metalico;;440;80;95;70;85;50;5;False
601;Klinklang;Metalico;;520;100;115;70;85;90;5;False
602;Tynamo;Electric;;275;55;40;45;40;60;5;False
603;Eelektrik;Electric;;405;85;70;75;70;40;5;False
604;Eelektross;Electric;;515;115;80;105;80;50;5;False
605;Elgyem;Psiquico;;335;55;55;85;55;30;5;False
606;Beheeyem;Psiquico;;485;75;75;125;95;40;5;False
607;Litwick;Fantasma;Fogo;275;30;55;65;55;20;5;False
608;Lampent;Fantasma;Fogo;370;40;60;95;60;55;5;False
609;Chandelure;Fantasma;Fogo;520;55;90;145;90;80;5;False
610;Axew;Dragao;;320;87;60;30;40;57;5;False
611;Fraxure;Dragao;;410;117;70;40;50;67;5;False
612;Haxorus;Dragao;;540;147;90;60;70;97;5;False
613;Cubchoo;Gelo;;305;70;40;60;40;40;5;False
614;Beartic;Gelo;;485;110;80;70;80;50;5;False
615;Cryogonal;Gelo;;485;50;30;95;135;105;5;False
616;Shelmet;Inseto;;305;40;85;40;65;25;5;False
617;Accelgor;Inseto;;495;70;40;100;60;145;5;False
618;Stunfisk;Terra;Electric;471;66;84;81;99;32;5;False
619;Mienfoo;Lutador;;350;85;50;55;50;65;5;False
620;Mienshao;Lutador;;510;125;60;95;60;105;5;False
621;Druddigon;Dragao;;485;120;90;60;90;48;5;False
622;Golett;Terra;Fantasma;303;74;50;35;50;35;5;False
623;Golurk;Terra;Fantasma;483;124;80;55;80;55;5;False
624;Pawniard;Noturno;Metalico;340;85;70;40;40;60;5;False
625;Bisharp;Noturno;Metalico;490;125;100;60;70;70;5;False
626;Bouffalant;Normal;;490;110;95;40;95;55;5;False
627;Rufflet;Normal;Voador;350;83;50;37;50;60;5;False
628;Braviary;Normal;Voador;510;123;75;57;75;80;5;False
629;Vullaby;Noturno;Voador;370;55;75;45;65;60;5;False
630;Mandibuzz;Noturno;Voador;510;65;105;55;95;80;5;False
631;Heatmor;Fogo;;484;97;66;105;66;65;5;False
632;Durant;Inseto;Metalico;484;109;112;48;48;109;5;False
633;Deino;Noturno;Dragao;300;65;50;45;50;38;5;False
634;Zweilous;Noturno;Dragao;420;85;70;65;70;58;5;False
635;Hydreigon;Noturno;Dragao;600;105;90;125;90;98;5;False
636;Larvesta;Inseto;Fogo;360;85;55;50;55;60;5;False
637;Volcarona;Inseto;Fogo;550;60;65;135;105;100;5;False
638;Cobalion;Metalico;Lutador;580;90;129;90;72;108;5;True
639;Terrakion;Pedra;Lutador;580;129;90;72;90;108;5;True
640;Virizion;Planta;Lutador;580;90;72;90;129;108;5;True
641;TornadusIncarnate Forme;Voador;;580;115;70;125;80;111;5;True
641;TornadusTherian Forme;Voador;;580;100;80;110;90;121;5;True
642;ThundurusIncarnate Forme;Electric;Voador;580;115;70;125;80;111;5;True
642;ThundurusTherian Forme;Electric;Voador;580;105;70;145;80;101;5;True
643;Reshiram;Dragao;Fogo;680;120;100;150;120;90;5;True
644;Zekrom;Dragao;Electric;680;150;120;120;100;90;5;True
645;LandorusIncarnate Forme;Terra;Voador;600;125;90;115;80;101;5;True
645;LandorusTherian Forme;Terra;Voador;600;145;90;105;80;91;5;True
646;Kyurem;Dragao;Gelo;660;130;90;130;90;95;5;True
646;KyuremBlack Kyurem;Dragao;Gelo;700;170;100;120;90;95;5;True
646;KyuremWhite Kyurem;Dragao;Gelo;700;120;90;170;100;95;5;True
647;KeldeoOrdinary Forme;Agua;Lutador;580;72;90;129;90;108;5;False
647;KeldeoResolute Forme;Agua;Lutador;580;72;90;129;90;108;5;False
648;MeloettaAria Forme;Normal;Psiquico;600;77;77;128;128;90;5;False
648;MeloettaPirouette Forme;Normal;Lutador;600;128;90;77;77;128;5;False
649;Genesect;Inseto;Metalico;600;120;95;120;95;99;5;False
650;Chespin;Planta;;313;61;65;48;45;38;6;False
651;Quilladin;Planta;;405;78;95;56;58;57;6;False
652;Chesnaught;Planta;Lutador;530;107;122;74;75;64;6;False
653;Fennekin;Fogo;;307;45;40;62;60;60;6;False
654;Braixen;Fogo;;409;59;58;90;70;73;6;False
655;Delphox;Fogo;Psiquico;534;69;72;114;100;104;6;False
656;Froakie;Agua;;314;56;40;62;44;71;6;False
657;Frogadier;Agua;;405;63;52;83;56;97;6;False
658;Greninja;Agua;Noturno;530;95;67;103;71;122;6;False
659;Bunnelby;Normal;;237;36;38;32;36;57;6;False
660;Diggersby;Normal;Terra;423;56;77;50;77;78;6;False
661;Fletchling;Normal;Voador;278;50;43;40;38;62;6;False
662;Fletchinder;Fogo;Voador;382;73;55;56;52;84;6;False
663;Talonflame;Fogo;Voador;499;81;71;74;69;126;6;False
664;ScatterInseto;Inseto;;200;35;40;27;25;35;6;False
665;Spewpa;Inseto;;213;22;60;27;30;29;6;False
666;Vivillon;Inseto;Voador;411;52;50;90;50;89;6;False
667;Litleo;Fogo;Normal;369;50;58;73;54;72;6;False
668;Pyroar;Fogo;Normal;507;68;72;109;66;106;6;False
669;Flabébé;Fada;;303;38;39;61;79;42;6;False
670;Floette;Fada;;371;45;47;75;98;52;6;False
671;Florges;Fada;;552;65;68;112;154;75;6;False
672;Skiddo;Planta;;350;65;48;62;57;52;6;False
673;Gogoat;Planta;;531;100;62;97;81;68;6;False
674;Pancham;Lutador;;348;82;62;46;48;43;6;False
675;Pangoro;Lutador;Noturno;495;124;78;69;71;58;6;False
676;Furfrou;Normal;;472;80;60;65;90;102;6;False
677;Espurr;Psiquico;;355;48;54;63;60;68;6;False
678;MeowsticMale;Psiquico;;466;48;76;83;81;104;6;False
678;MeowsticFemale;Psiquico;;466;48;76;83;81;104;6;False
679;Honedge;Metalico;Fantasma;325;80;100;35;37;28;6;False
680;Doublade;Metalico;Fantasma;448;110;150;45;49;35;6;False
681;AegislashBlade Forme;Metalico;Fantasma;520;150;50;150;50;60;6;False
681;AegislashShield Forme;Metalico;Fantasma;520;50;150;50;150;60;6;False
682;Spritzee;Fada;;341;52;60;63;65;23;6;False
683;Aromatisse;Fada;;462;72;72;99;89;29;6;False
684;Swirlix;Fada;;341;48;66;59;57;49;6;False
685;Slurpuff;Fada;;480;80;86;85;75;72;6;False
686;Inkay;Noturno;Psiquico;288;54;53;37;46;45;6;False
687;Malamar;Noturno;Psiquico;482;92;88;68;75;73;6;False
688;Binacle;Pedra;Agua;306;52;67;39;56;50;6;False
689;Barbaracle;Pedra;Agua;500;105;115;54;86;68;6;False
690;Skrelp;Venenoso;Agua;320;60;60;60;60;30;6;False
691;Dragalge;Venenoso;Dragao;494;75;90;97;123;44;6;False
692;Clauncher;Agua;;330;53;62;58;63;44;6;False
693;Clawitzer;Agua;;500;73;88;120;89;59;6;False
694;Helioptile;Electric;Normal;289;38;33;61;43;70;6;False
695;Heliolisk;Electric;Normal;481;55;52;109;94;109;6;False
696;Tyrunt;Pedra;Dragao;362;89;77;45;45;48;6;False
697;Tyrantrum;Pedra;Dragao;521;121;119;69;59;71;6;False
698;Amaura;Pedra;Gelo;362;59;50;67;63;46;6;False
699;Aurorus;Pedra;Gelo;521;77;72;99;92;58;6;False
700;Sylveon;Fada;;525;65;65;110;130;60;6;False
701;Hawlucha;Lutador;Voador;500;92;75;74;63;118;6;False
702;Dedenne;Electric;Fada;431;58;57;81;67;101;6;False
703;Carbink;Pedra;Fada;500;50;150;50;150;50;6;False
704;Goomy;Dragao;;300;50;35;55;75;40;6;False
705;Sliggoo;Dragao;;452;75;53;83;113;60;6;False
706;Goodra;Dragao;;600;100;70;110;150;80;6;False
707;Klefki;Metalico;Fada;470;80;91;80;87;75;6;False
708;Phantump;Fantasma;Planta;309;70;48;50;60;38;6;False
709;Trevenant;Fantasma;Planta;474;110;76;65;82;56;6;False
710;PumpkabooAverage Size;Fantasma;Planta;335;66;70;44;55;51;6;False
710;PumpkabooSmall Size;Fantasma;Planta;335;66;70;44;55;56;6;False
710;PumpkabooLarge Size;Fantasma;Planta;335;66;70;44;55;46;6;False
710;PumpkabooSuper Size;Fantasma;Planta;335;66;70;44;55;41;6;False
711;GourgeistAverage Size;Fantasma;Planta;494;90;122;58;75;84;6;False
711;GourgeistSmall Size;Fantasma;Planta;494;85;122;58;75;99;6;False
711;GourgeistLarge Size;Fantasma;Planta;494;95;122;58;75;69;6;False
711;GourgeistSuper Size;Fantasma;Planta;494;100;122;58;75;54;6;False
712;Bergmite;Gelo;;304;69;85;32;35;28;6;False
713;Avalugg;Gelo;;514;117;184;44;46;28;6;False
714;Noibat;Voador;Dragao;245;30;35;45;40;55;6;False
715;Noivern;Voador;Dragao;535;70;80;97;80;123;6;False
716;Xerneas;Fada;;680;131;95;131;98;99;6;True
717;Yveltal;Noturno;Voador;680;131;95;131;98;99;6;True
718;Zygarde50% Forme;Dragao;Terra;600;100;121;81;95;95;6;True
719;Diancie;Pedra;Fada;600;100;150;100;150;50;6;True
719;DiancieMega Diancie;Pedra;Fada;700;160;110;160;110;110;6;True
720;HoopaHoopa Confined;Psiquico;Fantasma;600;110;60;150;130;70;6;True
720;HoopaHoopa Unbound;Psiquico;Noturno;680;160;60;170;130;80;6;True
721;Volcanion;Fogo;Agua;600;110;120;130;90;70;6;True
